"FILE_PATH"	"GEO_ID"	"NOMBRE_DEL_PROYECTO"	"RESUMEN_DEL_PROYECTO"	"PMID"	"FECHA_DE_PUBLICACION"	"ORGANISMO"	"BIOPROJECT_ID"	"SRA_ID"	"SERIES_TYPE"	"SAMPLE_TYPE"	"SAMPLE_DESCRIPTION"
"data/GSE15nnn/GSE15289/matrix/metadata.txt.gz"	"GSE15289"	"Systems_epidemiology_of_blood_transcriptome_variability_in_a_representative_sample_of_postmenopausal_women"	"Using_a_large_representative_sample_of_postmenopausal_women_in_the_Norwegian_Women_and_Cancer_(NOWAC)_postgenome_study,_we_investigated_blood_gene_expression_changes_due_to_intra-technical_variability,_normal_inter-individuality_(age,_body_mass_index,_fasting_status),_and_exposure_variables_(smoking,_hormone_therapy_and_medication_use)_at_proportion_and_level_of_real_life_situation_revealing_mechanistic_insights_of_these_effects_mirrored_in_blood."	"20300640"	"Public_on_Mar_01_2010"	"Homo_sapiens"	"PRJNA116521"	NA	"Expression_profiling_by_array"	"RNA"	",NWbAB__6"
"data/GSE15nnn/GSE15773/matrix/metadata.txt.gz"	"GSE15773"	"Expression_data_from_human_adipose_tissue"	"Obesity_is_a_risk_factor_for_numerous_metabolic_disorders;_however,_not_all_obese_individuals_are_prone_to_insulin_resistance._The_central_aim_of_this_study_was_to_identify_molecular_pathways_directly_related_to_insulin_resistance_independent_of_BMI_in_obesity.,We_sought_to_determine_the_gene_expression_signature_of_adipose_tissue_in_a_body_mass_index_(BMI)-matched_obese_cohort_of_patients_that_are_either_insulin_sensitive_or_insulin_resistant."	"20678967"	"Public_on_Apr_24_2009"	"Homo_sapiens"	"PRJNA116839"	NA	"Expression_profiling_by_array"	"RNA"	"Gene_expression_data_from_human_adipose_tissue_obtained_during_gastric_bypass_surgery."
"data/GSE18nnn/GSE18687/matrix/metadata.txt.gz"	"GSE18687"	"Ventral_striatal_responses_to_reduced_food_intake_in_healthy_animals_and_rats_bearing_small_tumors"	"Anorexia_is_frequently_observed_during_cancer_and_associated_with_increased_morbidity_and_mortality._Our_previous_work_has_shown_the_presence_of_transcription_factors_in_the_ventral_striatum_of_anorectic_tumor-bearing_rats._The_aim_of_the_present_study_was,_therefore,_to_assess_expression_of_neuropeptides,_neurotransmitter-synthesizing_enzymes_and_receptors_in_this_structure._Morris_hepatoma_7777_cells_injected_subcutaneously_in_Buffalo_rats_provoked_a_15%_reduction_in_food_intake_and_10%_lower_body_weight_when_the_tumor_represented_1-2%_of_body_mass._Mircorarrays_and_real-time_PCR_revealed_increased_ventral_striatal_prostaglandin_D_synthase_expression_in_food-restricted_animals_compared_to_anorectic_tumor-bearing_rats._These_findings_indicate_that_reduced_ventral_striatal_prostaglandin_D_synthesis_underlies_cancer-associated_anorexia."	"21334429"	"Public_on_Apr_10_2010"	"Rattus_norvegicus,!Sample_organism_ch2"	"PRJNA123811"	NA	"Expression_profiling_by_array"	"RNA"	"Comparison_between_food-restricted_weight-matched_animals_and_tumor-bearing_rats"
"data/GSE18nnn/GSE18688/matrix/metadata.txt.gz"	"GSE18688"	"Hypothalamic_responses_to_reduced_food_intake_in_healthy_animals_and_rats_bearing_small_tumors"	"Anorexia_is_frequently_observed_during_cancer_and_associated_with_increased_morbidity_and_mortality._Our_previous_work_has_shown_the_presence_of_transcription_factors_in_the_hypothalamus_of_anorectic_tumor-bearing_rats._The_aim_of_the_present_study_was,_therefore,_to_assess_expression_of_neuropeptides,_neurotransmitter-synthesizing_enzymes_and_receptors_in_this_structure._Morris_hepatoma_7777_cells_injected_subcutaneously_in_Buffalo_rats_provoked_a_15%_reduction_in_food_intake_and_10%_lower_body_weight_when_the_tumor_represented_1-2%_of_body_mass._Real-time_PCR_showed_that_tumor-bearing_rats_did_not_display_the_increase_in_hypothalamic_agouti-related_peptide_mRNA_observed_in_food-restricted_weight-matched_animals._These_findings_indicate_that_blunted_hypothalamic_AgRp_mRNA_expression_underlies_cancer-associated_anorexia."	"21334429"	"Public_on_Apr_10_2010"	"Rattus_norvegicus,!Sample_organism_ch2"	"PRJNA123813"	NA	"Expression_profiling_by_array"	"RNA"	"Comparison_between_hypothalami_from_food-restricted_weight-matched_animals_and_tumor-bearing_rats"
"data/GSE20nnn/GSE20646/matrix/metadata.txt.gz"	"GSE20646"	"Identification_and_validation_of_the_pathways_and_functions_regulated_by_the_ROR_alpha1_in_skeletal_muscle"	",Identification_and_validation_of_the_pathways_and_functions_regulated_by_the_orphan_nuclear_receptor,_ROR_alpha1,_in_skeletal_muscle,The_retinoic_acid_receptor-related_orphan_receptor_(ROR)_alpha_has_been_demonstrated_to_regulate_lipid_metabolism._We_were_interested_in_the_physiologically_relevant_roles,_and_pathways_regulated_by_RORalpha1_action_in_skeletal_muscle._This_major_mass_organ_accounts_for_~40%_of_the_total_body_mass,_and_significant_levels_of_lipid_catabolism,_glucose_disposal_and_energy_expenditure._We_utilized_the_strategy_of_targeted_muscle_specific_expression_of_a_truncated_(dominant_negative)_RORalpha∆DE_in_transgenic_mice,_to_investigate_RORalpha1_signalling_(and_function)_in_this_peripheral_tissue._Expression_profiling_and_pathway_analysis_indicated_that_RORalpha_regulated_genes_involved_in:_(i)_lipid_and_carbohydrate_metabolism,_cardiovascular_and_metabolic_disease;_and_(ii)_the_LXR_nuclear_receptor_signaling_pathway_and,_(iii)_the_Akt_and_AMPK_signaling_cascades._This_analysis_was_extensively_validated_by_rigorous_qPCR_analysis_using_TaqMan_Low_Density_Arrays,_coupled_to_rigorous_statistical_analysis_(with_Empirical_Bayes,_and_Benjamini-Hochberg)._Moreover,_westerns_and_metabolic_profiling_were_utilized_to_validate_the_genes,_proteins_and_pathways_(lipogenic,_Akt,_AMPK_and_fatty_acid_oxidation)_involved_in_the_regulation_of_metabolism_by_RORalph1._The_identified_genes_and_pathways_were_in_concordance_with_the_demonstration_of_hyperglycemia,_glucose_intolerance,_attenuated_insulin_stimulated_phosphorylation_of_Akt,_and_impaired_glucose_uptake_in_the_transgenic_heterozygous_Tg-RORalpha∆DE_animals._In_conclusion,_we_propose_that_RORalpha1_is_involved_in_regulating_the_Akt2-AMPK_signalling_pathways_in_the_context_of_lipid_homeostasis_in_skeletal_muscle."	"20338882"	"Public_on_Apr_01_2010"	"Mus_musculus"	"PRJNA124869"	NA	"Expression_profiling_by_array"	"RNA"	",4068846001_A"
"data/GSE20nnn/GSE20950/matrix/metadata.txt.gz"	"GSE20950"	"Expression_data_from_human_adipose_tissue_using_an_expanded_patient_cohort"	"Obesity_is_a_risk_factor_for_numerous_metabolic_disorders;_however,_not_all_obese_individuals_are_prone_to_insulin_resistance.__The_central_aim_of_this_study_was_to_identify_molecular_pathways_directly_related_to_insulin_resistance_independent_of_BMI_in_obesity.,We_sought_to_determine_the_gene_expression_signature_of_adipose_tissue_in_a_body_mass_index_(BMI)-matched_obese_cohort_of_patients_that_are_either_insulin_sensitive_or_insulin_resistant."	"20678967"	"Public_on_Mar_25_2010"	"Homo_sapiens"	"PRJNA124435"	NA	"Expression_profiling_by_array"	"RNA"	"Gene_expression_data_from_human_adipose_tissue_obtained_during_gastric_bypass_surgery."
"data/GSE22nnn/GSE22647/matrix/metadata.txt.gz"	"GSE22647"	"Adenosine_5’_monophosphate-activated_protein_kinase_regulates_metabolic_actions_of_glucocorticoids_by_phosphorylating_the_glucocorticoid_receptor_through_p38_mitogen-activated_protein_kinase."	"Glucocorticoids_play_central_roles_in_the_regulation_of_energy_metabolism_by_shifting_it_toward_catabolism,_while_AMPK_is_the_master_regulator_of_energy_homeostasis,_sensing_energy_depletion_and_stimulating_pathways_of_increasing_fuel_uptake_and_saving_on_peripheral_supplies._We_showed_here_that_AMPK_regulates_glucocorticoid_actions_on_carbohydrate_metabolism_by_targeting_the_glucocorticoid_receptor_(GR)_and_modifying_transcription_of_glucocorticoid-responsive_genes_in_a_tissue-_and_promoter-specific_fashion._Activation_of_AMPK_in_rats_reversed_glucocorticoid-induced_hepatic_steatosis_and_suppressed_glucocorticoid-mediated_stimulation_of_glucose_metabolism._Transcriptomic_analysis_in_the_liver_suggested_marked_overlaps_between_the_AMPK_and_glucocorticoid_signaling_pathways_directed_mostly_from_AMPK_to_glucocorticoid_actions._AMPK_accomplishes_this_by_phosphorylating_serine_211_of_the_human_GR_indirectly_through_phosphorylation_and_consequent_activation_of_p38_MAPK_and_by_altering_attraction_of_transcriptional_coregulators_to_DNA-bound_GR._In_human_peripheral_mononuclear_cells,_AMPK_mRNA_expression_positively_correlated_with_that_of_glucocorticoid-responsive_GILZ,_which_correlated_also_positively_with_the_body_mass_index_of_subjects._These_results_indicate_that_the_AMPK-mediated_energy_control_system_modulates_glucocorticoid_action_at_target_tissues._Since_increased_action_of_glucocorticoids_is_associated_with_development_of_metabolic_disorders,_activation_of_AMPK_could_be_a_promising_target_for_developing_pharmacologic_interventions_to_these_pathologies."	"20660302"	"Public_on_Jun_30_2010"	"Rattus_norvegicus"	"PRJNA128033"	NA	"Expression_profiling_by_array"	"RNA"	"None"
"data/GSE23nnn/GSE23858/matrix/metadata.txt.gz"	"GSE23858"	"DNA_methylation_data_from_non-immortalized_lymphocyte_samples_from_participants_of_the_AGES_Reykjavik_Study"	"Genome-wide_DNA_methylation_was_studied_to_identify_regions_with_extreme_inter-individual_variability,_half_of_which_show_stability_within-person,_and_some_of_which_show_covariation_with_body_mass_index_consistently_and_are_located_in_or_near_genes_previously_implicated_in_regulating_body_weight_or_diabetes."	"20844285"	"Public_on_Sep_15_2010"	"Homo_sapiens,!Sample_organism_ch2"	"PRJNA130635"	NA	"Methylation_profiling_by_genome_tiling_array"	"genomic"	"IHA_1_1_input,IHA_1_1_methyl-depleted"
"data/GSE24nnn/GSE24185/matrix/metadata.txt.gz"	"GSE24185"	"Gene_transcription_signature_of_obesity_in_breast_cancer"	",Keywords:_two_group_comparison,Obesity_is_thought_to_contribute_to_worse_disease_outcome_in_breast_cancer_as_a_result_of_increased_levels_of_adipocyte-secreted_endocrine_factors,_insulin,_and_insulin-like_growth_factors_(IGFs)_that_accelerate_tumor_cell_proliferation_and_impair_treatment_response._We_examined_the_effects_of_patient_obesity_on_primary_breast_tumor_gene_expression,_by_profiling_transcription_of_a_set_of_tumors_for_which_the_patients’_body_mass_index_(BMI)_was_ascertained._Sample_profiles_were_stratified_according_to_patients’_obesity_phenotype_defined_as_normal_(BMI_<25),_overweight_(BMI_25-29.9),_or_obese_(BMI>30).__Widespread_alterations_in_gene_expression_were_evident_in_breast_tumors_from_obese_patients_as_compared_to_tumors_from_other_patients,_allowing_us_to_define_an_obesity-associated_cancer_transcriptional_signature_of_662_genes."	"21750966"	"Public_on_Jul_18_2011"	"Homo_sapiens"	"PRJNA130113"	NA	"Expression_profiling_by_array"	"RNA"	"breast_tumor_biopsy,sample_name:_hw633.U133A"
"data/GSE27nnn/GSE27912/matrix/metadata.txt.gz"	"GSE27912"	"Gene-chip_studies_of_adipogenesis-regulated_microRNAs_in_mouse_primary_adipocytes_and_human_obesity_(Exiqon)"	"Adipose_tissue_abundance_relies_partly_on_the_factors_that_regulate_adipogenesis,_i.e._proliferation_and_differentiation_of_adipocytes._While_the_transcriptional_program_that_initiates_adipogenesis_is_well-known,_the_importance_of_microRNAs_in_adipogenesis_is_less_well_studied._We_thus_set_out_to_investigate_whether_miRNAs_would_be_actively_modulated_during_adipogenesis_and_obesity._Several_models_exist_to_study_adipogenesis_in_vitro,_of_which_the_cell_line_3T3-L1_is_probably_the_most_well_known,_albeit_not_the_most_physiologically_appropriate._We_used_a_microarray_strategy_to_provide_a_global_profile_of_miRNAs_in_brown_and_white_primary_murine_adipocytes_(prior_to_and_following_differentiation)_and_evaluated_the_similarity_of_the_responses_to_non-primary_cell_models,_through_literature_data-mining._We_found_65_miRNAs_regulated_during_in_vitro_adipogenesis_in_primary_adipocytes._When_we_compared_our_primary_adipocyte_profiles_with_those_of_cell_lines_reported_in_the_literature,_we_found_a_high_degree_of_difference_in_adipogenesis-regulated_miRNAs._We_evaluated_the_expression_of_10_of_our_adipogenesis-regulated_miRNAs_using_real-time_qPCR_and_then_selected_5_miRNAs_that_showed_robust_expression_levels_and_profiled_these_by_qPCR_in_subcutaneous_adipose_tissue_of_20_humans_with_a_range_of_body_mass_indices_(BMI,_range=21-48)._Of_the_miRNAs_tested,_mir-21_was_both_highly_expressed_in_human_adipose_tissue_and_positively_correlated_with_BMI_(R2=0.49,_p<0.001)._In_conclusion,_we_provide_the_preliminary_analysis_of_miRNAs_important_for_primary_cell_in_vitro_adipogenesis_and_find_that_the_inflammation-associated_miRNA,_mir-21,_is_up-regulated_in_subcutaneous_adipose_tissue_in_human_obesity."	"21426570"	"Public_on_May_31_2011"	"Mus_musculus"	"PRJNA141731"	NA	"Non-coding_RNA_profiling_by_array"	"RNA"	NA
"data/GSE27nnn/GSE27949/matrix/metadata.txt.gz"	"GSE27949"	"Gene-chip_studies_of_adipogenesis-regulated_microRNAs_in_mouse_primary_adipocytes_and_human_obesity_(Affymetrix)"	"Adipose_tissue_abundance_relies_partly_on_the_factors_that_regulate_adipogenesis,_i.e._proliferation_and_differentiation_of_adipocytes._While_the_transcriptional_program_that_initiates_adipogenesis_is_well-known,_the_importance_of_microRNAs_in_adipogenesis_is_less_well_studied._We_thus_set_out_to_investigate_whether_miRNAs_would_be_actively_modulated_during_adipogenesis_and_obesity._Several_models_exist_to_study_adipogenesis_in_vitro,_of_which_the_cell_line_3T3-L1_is_probably_the_most_well_known,_albeit_not_the_most_physiologically_appropriate._We_used_a_microarray_strategy_to_provide_a_global_profile_of_miRNAs_in_brown_and_white_primary_murine_adipocytes_(prior_to_and_following_differentiation)_and_evaluated_the_similarity_of_the_responses_to_non-primary_cell_models,_through_literature_data-mining._We_found_65_miRNAs_regulated_during_in_vitro_adipogenesis_in_primary_adipocytes._When_we_compared_our_primary_adipocyte_profiles_with_those_of_cell_lines_reported_in_the_literature,_we_found_a_high_degree_of_difference_in_adipogenesis-regulated_miRNAs._We_evaluated_the_expression_of_10_of_our_adipogenesis-regulated_miRNAs_using_real-time_qPCR_and_then_selected_5_miRNAs_that_showed_robust_expression_levels_and_profiled_these_by_qPCR_in_subcutaneous_adipose_tissue_of_20_humans_with_a_range_of_body_mass_indices_(BMI,_range=21-48)._Of_the_miRNAs_tested,_mir-21_was_both_highly_expressed_in_human_adipose_tissue_and_positively_correlated_with_BMI_(R2=0.49,_p<0.001)._In_conclusion,_we_provide_the_preliminary_analysis_of_miRNAs_important_for_primary_cell_in_vitro_adipogenesis_and_find_that_the_inflammation-associated_miRNA,_mir-21,_is_up-regulated_in_subcutaneous_adipose_tissue_in_human_obesity."	"21426570"	"Public_on_May_31_2011"	"Homo_sapiens"	"PRJNA141727"	NA	"Expression_profiling_by_array"	"RNA"	NA
"data/GSE2nnn/GSE2508/matrix/metadata.txt.gz"	"GSE2508"	"Expression_profiling_in_adipocytes_of_obese_humans"	"Keywords_=_adipocyte,Keywords_=_gene_expression,Keywords_=_inflammation,Keywords_=_obesity,Keywords:_other,Microarray_analysis_comparing_gene_expression_profiles_of_adipocytes_from_non-diabetic_lean_vs_non-diabetic_obese_Pima_Indian_subjects_to_identify_differentially_expressed_adipocyte_genes_with_obesity._RNA_samples_of_isolated_abdominal_subcutaneous_adipocytes_from_20_lean_(10_Males_/_10_Females,_aged_31±6_year,_Body_Mass_Index_25±3_kg/m2_)_and_19_obese_(9M/10F,_29±5y,_55±8_kg/m2_)_subjects_were_hybridized_individually_to_Affymetrix__oligonucleotide_arrays_HG-U95A,_B,_C,_D,_and_E."	"16059715"	"Public_on_Jan_01_2006"	"Homo_sapiens,!Sample_organism_ch1"	"PRJNA92039"	NA	"Expression_profiling_by_array"	"RNA"	"Adipocytes_were_isolated_using_collagenase_digestion_of_abdominal_subcutaneous_fat_needle_biopsies.,Adipocytes_were_isolated_using_collagenase_digestion_of_abdominal_subcutaneous_fat_needle_biopsies._Array_type:_HG_U95Av2._Subject:_lean_female_Pima_Indian_(LF06).,Adipocytes_were_isolated_using_collagenase_digestion_of_abdominal_subcutaneous_fat_needle_biopsies._Array_type:_HG_U95B._Subject:_lean_female_Pima_Indian_(LF01).,Adipocytes_were_isolated_using_collagenase_digestion_of_abdominal_subcutaneous_fat_needle_biopsies.__Array_type:_HG-U95C._Subject:_lean_female_Pima_Indian_(LF01).,Adipocytes_were_isolated_using_collagenase_digestion_of_abdominal_subcutaneous_fat_needle_biopsies.__Array_type:_HG-U95D._Subject:_lean_female_Pima_Indian_(LF01).,Adipocytes_were_isolated_using_collagenase_digestion_of_abdominal_subcutaneous_fat_needle_biopsies.__Array_type:_HG-U95E._Subject:_lean_female_Pima_Indian_(LF01).,Array_type:_HG_U95A.,Keywords_=_adipocyte,Keywords_=_gene_expression,Keywords_=_inflammation,Keywords_=_obesity,Subject:_lean_female_Pima_Indian_(LF01)."
"data/GSE32nnn/GSE32705/matrix/metadata.txt.gz"	"GSE32705"	"Congenital_hypothryrodism_and_male_rat_liver:_control_vs_congenital_hypothryoidism"	"Thyroid_hormones_are_required_for_normal_growth_and_development_in_mammals._Congenital-neonatal_hypothyroidism_(CH)_has_a_profound_impact_on_physiology_but_its_specific_influence_in_liver_is_less_understood._Here_we_studied_how_CH_influences_liver_gene_expression_program_in_adulthood._Pregnant_rats_were_given_anti-thyroid_drug_methimazole_(MMI)_from_GD12_until_PND30_to_induce_CH_in_male_offspring._Growth_defects_due_to_CH_were_evident_as_a_reduction_in_body_weight_and_tail_length_from_the_second_week_of_life._Once_the_MMI_treatment_was_discontinued,_feed_efficiency_increased_in_CH_and_this_was_accompanied_by_significant_catch-up_growth._On_PND80,_significant_reduction_in_body_mass,_tail_length,_and_circulating_IGF-I_remained_in_CH_rats._On_the_other_hand,_mRNA_levels_of_known_GH_targeted_genes_were_significantly_up-regulated._Serum_levels_of_thyroid_hormones,_cholesterol,_and_triglycerides_showed_no_significant_differences._In_contrast,_CH_rats_showed_significant_changes_in_expression_for_hepatic_genes_involved_in_lipid_metabolism_with_an_increased_transcription_of_PPAR_and_reduced_expression_of_genes_involved_in_fatty_acids_and_cholesterol_uptake,_cellular_sterol_efflux,_triglycerides_assembly,_bile_acid_synthesis,_and_lipogenesis._These_changes_were_associated_with_a_decrease_of_intrahepatic_lipids._Finally,_CH_rats_responded_to_hypothyroidism_onset_in_adulthood_with_a_reduction_of_serum_fatty_acids_and_hepatic_cholesteryl_esters,_and_to_T3_replacement_with_enhanced_activation_of_lipogenic_transcriptional_program._In_summary,_we_provided_in_vivo_evidence_that_neonatal_hypothyroidism_causes_long-lasting_effects_on_hepatic_transcriptional_program_and_tissue_sensitivity_to_hormone_treatment._This_highlights_the_critical_role_that_a_euthyroid_state_during_development_plays_on_normal_liver_physiology_in_adulthood.,Transcriptional_profiling_of_rat_liver_comparing_male_rats_with_congenital_hypothyrodism_(CH)_vs_intact_at_adulhood._Here_we_studied_how_CH_influences_liver_gene_expression_program_in_adulthood."	"22666351"	"Public_on_Mar_10_2012"	"Rattus_norvegicus,!Sample_organism_ch2"	"PRJNA147001"	NA	"Expression_profiling_by_array"	"RNA"	"Biological_replicate_1_of_4._Liver_with_congenital_hypothyroidism_vs_untreated_control"
"data/GSE33nnn/GSE33319/matrix/metadata.txt.gz"	"GSE33319"	"Altered_de_novo_lipogenesis_contributes_to_low_adipose_stores_in_cystic_fibrosis_mice."	"Cystic_fibrosis_(CF)_mouse_models_exhibit_exocrine_pancreatic_function_yet_do_not_develop_adipose_stores_to_the_levels_of_non-CF_mice._CF_mice_homozygous_for_the_Cftr_mutation_(F508del)_at_3_weeks_(post-weaning)_and_6_weeks_(young_adult)_of_age_had_markedly_less_adipose_tissue_than_non-CF_mice._Both_3-_and_6-week_old_mice_had_dietary_lipid_absorption_and_fecal_lipid_excretion_comparable_to_non-CF_controls._Fractional_hepatic_de_novo_synthesis_of_palmitate_and_stearate_(de_novo_lipogenesis,_DNL)_as_determined_by_deuterium_incorporation_was_reduced_in_CF_mice._At_3_weeks_of_age,_F508del_mice_had_significantly_decreased_DNL_of_palmitate_and_stearate,_by_83%_and_80%,_respectively._By_6_weeks_of_age,_DNL_rates_in_non-CF_mice_remained_unchanged_as_compared_to_3-week_old_mice,_while_DNL_rates_of_F508del_mice_were_still_reduced,_by_33%_and_40%,_respectively._Adipose_tissue_fatty_acid_profiles_were_comparable_in_CF_and_non-CF_mice,_indicating_that_adipose_differences_are_quantitative,_not_qualitative._A_correspondingly_lower_content_of_deuterium-labeled_fatty_acids_was_found_in_CF_adipose_tissue,_consistent_with_reduced_deposition_of_newly_made_hepatic_triglycerides_and/or_decreased_adipose_tissue_lipogenesis._Hepatic_transcriptome_analysis_revealed_lower_mRNA_expression_from_several_genes_involved_in_fatty_acid_biosynthesis,_suggesting_down-regulation_of_several_enzymes_in_fatty_acids_synthesis_as_a_mechanism_for_the_reduced_lipogenesis._These_novel_data_provide_a_model_for_altered_fat_and_fatty_acid_metabolism_in_CF,_independent_of_malabsorption,_and_may_partly_explain_the_inability_of_pancreatic_enzyme_replacement_therapy_to_completely_restore_normal_body_mass_to_CF_patients"	"22679004"	"Public_on_Jun_18_2012"	"Mus_musculus"	"PRJNA149291"	NA	"Expression_profiling_by_array"	"RNA"	"lipid_synthesis,_nutrition,_adipose_storage"
"data/GSE33nnn/GSE33526/matrix/metadata.txt.gz"	"GSE33526"	"Normal_breast_tissue_of_obese_women_is_enriched_for_macrophage_markers_and_macrophage-associated_gene_expression"	"Activation_of_inflammatory_pathways_is_one_plausible_mechanism_underlying_the_association_between_obesity_and_increased_breast_cancer_risk._However,_macrophage_infiltration_and_local_biomarkers_of_inflammation_in_breast_adipose_tissue_have_seldom_been_studied_in_association_with_obesity._Gene_expression_profiles_of_normal_breast_tissue_from_reduction_mammoplasty_patients_were_evaluated_by_whole_genome_microarrays_to_identify_patterns_associated_with_obesity_status_(normal-weight,_body_mass_index_(BMI)_<25;_overweight,_BMI_25-29.9;_obese,_BMI_>_or_equal_to_30)._The_presence_of_macrophage-enriched_inflammatory_loci_with_immunopositivity_for_CD68_protein_was_evaluated_by_immunohistochemistry_(IHC)._After_adjusting_for_confounding_by_age,_760_genes_were_differentially_expressed_(203_up_and_557_down;_FDR_=_0.026)_between_normal-weight_and_obese_women._Gene_ontology_analysis_suggested_significant_enrichment_for_pathways_involving_IL-6,_IL-8,_CCR5_signaling_in_macrophages_and_RXRalpha_and_PPARalpha_activation,_consistent_with_a_pro-inflammatory_state_and_suggestive_of_macrophage_infiltration._Gene_set_enrichment_analysis_also_demonstrated_that_the_genomic_signatures_of_monocytes_and_macrophages_were_over-represented_in_the_obese_group_with_FDR_of_0.08_and_0.13,_respectively._Increased_macrophage_infiltration_was_confirmed_by_IHC,_which_showed_that_the_breast_adipose_tissue_of_obese_women_had_higher_average_macrophage_counts_(mean_=_8.96_vs._3.56_in_normal-weight_women)_and_inflammatory_foci_counts_(mean_=_4.91_vs._2.67_in_normal-weight_women)._Obesity_is_associated_with_local_inflammation_and_macrophage_infiltration_in_normal_human_breast_adipose_tissues._Given_the_role_of_macrophages_in_carcinogenesis,_these_findings_have_important_implications_for_breast_cancer_etiology_and_progression."	"22002519,22859400"	"Public_on_Nov_08_2011"	"Homo_sapiens,!Sample_organism_ch2"	"PRJNA148793"	NA	"Expression_profiling_by_array"	"RNA"	"A_4×44K_251485042805-1Agilent_Catalog_4_by_44k_whole_genome_array_of_reduction_mammoplasty_patient7063"
"data/GSE34nnn/GSE34039/matrix/metadata.txt.gz"	"GSE34039"	"Pax_versus_tempus_expression_profile_differences"	"The_main_aim_of_the_study_was_to_compare_genome-wide_gene_expression_profiles_obtained_from_the_two_widely_used_commercially_available_whole_blood_RNA_collection_systems_-_PAXgeneTM_and_TempusTM_tubes._Comparisons_of_present_call_rates,_variances,_correlations_and_influence_of_globin_reduction_across_the_two_collection_systems_was_performed_using_in_vivo_glucocorticoid_stimulation_in_24_peripheral_blood_samples_from_three_individuals.,Three_healthy_male_volunteers_aged_30-35_years_with_body_mass_index_of_20-25_were_enrolled_in_the_study.1.5_mg_dexamethasone_stimulated_peripheral_blood_samples_were_drawn_3_hours_later._For_each_sample,_duplicate_measures_of_2.5_ml_and_3ml_blood_was_collected_in_PAXgeneTM_tubes_(PreAnalytiX_GmbH,_Hombrechtikon,_Switzerland)_and_TempusTM_tubes_(Applied_Biosystems,_Foster_City,_CA,_USA)_respectively._The_PAXgeneTM_and_TempusTM_tubes_were_stored_for_2.5_hours_at_room_temperature_and_then_transferred_to_-20°C._Due_to_the_lower_RNA_yield_from_the_PAXgeneTM_tubes,_RNA_from_two_PAXgeneTM_tubes_was_pooled_together_for_the_experiment_._Total_RNA_was_isolated_from_whole_blood_stored_in_PAXgeneTM_and_TempusTM_tubes_according_to_the_respective_manufacturer's_instructions._The_PAXgeneTM_samples_were_processed_using_the_PAXgeneTM_Blood_RNA_Kit_based_on_the_Quiagen_method_for_column_purification_of_nucleic_acids_(PreAnalytiX_GmbH,_Hombrechtikon,_Switzerland,_catalogue_number_762174)._The_TempusTM_samples_were_isolated_using_the_TempusTM_Spin_RNA_Isolation_Kit_(Applied_Biosystems,_Foster_City,_CA,_USA,_catalogue_number_4380204)._RNA_quality_was_assessed_using_an_Agilent_2100_Bioanalyzer_(Agilent_Technologies,_Palo_Alto,_CA,_USA)._The_concentration_and_purity_of_total_RNA_was_independently_assessed_by_260/280_UV_absorption_ratios,_respectively_(Nanophotometer,_Implen,_Munich,_Germany)._RNA_samples_were_divided_into_non-globin_reduced_and_globin_reduced_groups._The_GLOBINclearTM-Human_Kit_(Ambion,_Inc.,_Texas,_USA,_catalogue_number_#AM1980)_was_used_to_remove_globin_mRNA._Sample_amplification_and_labeling_for_both_globin-reduced_and_non-reduced_samples_was_performed_using_the_IlluminaR_TotalPrep_RNA_Amplification_Kit_(Ambion,_Inc.,_Texas,_USA,_catalogue_number_AMIL1791)."	"22214347"	"Public_on_Jan_15_2012"	"Homo_sapiens"	"PRJNA148083"	NA	"Expression_profiling_by_array"	"RNA"	"1tnn"
"data/GSE37nnn/GSE37271/matrix/metadata.txt.gz"	"GSE37271"	"Metabolic_and_gene_expression_changes_induced_by_the_naturally_occurring_ΔNp53_isoform_link_mTOR_pathway_and_mitochondrial_alterations_to_the_progeroid_phenotype."	"This_study_is_to_find_the_cellular_and_molecular_mechanisms_by_which_a_naturally-occurring_ΔNp53_isoform_causes_accelerated_aging_in_humans._The_biological_function_of_ΔNp53,_which_lacks_only_40_N-terminal_amino_acids,_represents_an_example_of_p53_as_a_regulator_of_mammalian_aging._When_expressed_together_with_WTp53_in_mice,_ΔNp53_causes_an_aging_phenotype_such_as_shorter_life_span,_reduced_body_mass,_organ_atrophy_and_osteoporosis._Because_p53_must_form_a_tetramer_to_regulate_transcription,_we_generated_p53_clones_(based_upon_the_structure_of_the_native_p53_tetramer)_containing_one_ΔNp53_linked_with_one_WTp53_to_form_a_functional_ΔNp53:WTp53_tetramer_with_1:1_stoichiometry._Thus,_our_strategy_ensured_each_p53_tetramer_contained_2_ΔNp53_and_2_WTp53_proteins._Importantly,_ΔNp53:WTp53_form_stable_tetramers,_based_upon_gel_filtration_chromatography_and_structural_analysis_using_electron_microscopy._Furthermore,_the_ΔNp53:WTp53_tetramer_activates_transcription_equally_well_compared_with_WTp53_tetramers_in_an_in_vitro_reconstituted_transcription_system._Having_verified_the_stoichiometry,_stability,_structure,_and_activity_of_these_ΔNp53:WTp53_tetramers,_here_we_used_microarray_analysis_to_compare_global_gene_expression_patterns_in_p53-null_H1299_cells_expressing_either_WTp53_or_ΔNp53:WTp53._As_expected,_global_gene_expression_was_largely_similar,_since_the_differences_between_ΔNp53:WTp53_tetramers_and_WTp53_tetramers_are_slight:_only_2_of_4_p53_proteins_will_be_different_in_the_ΔNp53:WTp53_tetramer._Among_only_several_dozen_genes_that_were_selectively_up-_or_down-regulated_2-fold_or_greater,_many_genes_known_to_regulate_mammalian_aging_were_altered_in_cells_expressing_ΔNp53:WTp53,_including_insulin_signaling_pathway_members_(IRS1,_INPP5D,_PLK3,_MAP3K1,_FGF5)_and_regulators_of_glucose_metabolism_(SLC2A2,_CRYAB,_LRCH1).__Expression_of_other_key_metabolic_genes_were_also_altered_in_cells_expressing_ΔNp53:WTp53_tetramers,_suggesting_that_global_me_tabolic_changes_might_contribute_to_ΔNp53:WTp53_pathology.__In_collaboration_with_Metabolon_(Durham,_NC),_we_identified_approximately_one_hundred_metabolites_that_were_significantly_up-_or_down-regulated_in_H1299_cells_expressing_ΔNp53:WTp53._The_metabolome_analysis_was_a_powerful_complement_to_the_gene_expression_data,_and_further_suggested_that_the_mTOR_pathway_(e.g._across-the-board_up-regulation_of_amino_acid_levels)_and_mitochondrial_function_(e.g._up-regulation_of_carnitine,_important_for_a-oxidation_of_fatty_acids)_was_altered_in_cells_expressing_ΔNp53:WTp53.__These_findings_were_subsequently_validated_using_biochemical_and_cell-based_approaches._Furthermore,_whereas_equal_expression_of_ΔNp53_and_WTp53_cause_accelerated_aging_in_mammals,_due_to_alternative_splicing_and_translation_initiation_ΔNp53_is_a_naturally-occurring_isoform_whose_expression_levels_can_change_throughout_the_lifetime._Thus,_the_cellular_and_molecular_mechanisms_identified_from_this_work_will_likely_reflect_changes_common_to_normal,_physiological_aging."	"23734707"	"Public_on_May_08_2014"	"Homo_sapiens"	"PRJNA159167"	NA	"Expression_profiling_by_array"	"RNA"	"Gene_expression_data_from_transfected_cell,_40hours_after_transfection,Taatjes_23AG_0th"
"data/GSE3nnn/GSE3492/matrix/metadata.txt.gz"	"GSE3492"	"Whole-blood_samples_from_women_exposed_to_hormone_replacement_therapy"	"Keywords:_gene_expression_profile_and_exposure,Results_did_not_reveal_any_distinct_gene_list_which_predicted_accurately_HRT_exposure_(error_rate_=_0.45)._Classifier_performance_slightly_improved_(error_rate_=_0.29)_including_only_women_who_were_using_continuous_combined_HRT_treatment._According_to_the_small_amplitude_of_expression_alterations_observed_after_HRT_use_in_whole_blood,_large_sample_sizes_are_needed_to_identify_significant_single_genes_differentially_expressed._However,_significant_enrichments_in_biologic_process_of_genes_with_small_changes_after_HRT_use_were_observed_(e.g._receptor_and_transporter_activities,_immune_response,_frizzled_signalling_pathway,_actin_filament_organization,_glycogen_metabolism).,The_American_Women’s_Health_Initiative_study_published_in_July_2002_caused_considerable_concern_among_hormone_replacement_therapy_(HRT)_users_and_prescribers_in_many_countries._This_study_is_an_exploratory_research_comparing_the_genome_wide_expression_profile_in_whole_blood_samples_according_to_HRT_use.__,Within_the_Norwegian_Women_and_Cancer_study,_100_postmenopausal_women_(50_HRT_users_and_50_non-HRT_users)_born_between_1943_and_1949_with_normal_to_high_body_mass_index_and_no_other_medication_use_were_selected._After_total_RNA_extraction,_amplification_and_labelling,_the_samples_were_hybridized_together_with_a_common_reference_(Universal_human_reference_RNA,_Stratagen)_to_Agilent_Human_1A_oligoarrays_(G4110b,_Agilent_Technologies,_Palo_Alto,_CA)_containing_20,173_unique_genes._Differentially_expressed_genes_were_used_to_build_a_classifier_using_the_nearest_shrunken_centroids_method_(PAM)._Then,_we_tested_the_significant_changes_in_single_genes_by_different_methods_like_t-test,_Significance_Analysis_of_Microarrays_(SAM)_and_Bayesian_ANOVA_analysis_(BAM)."	"16648556"	"Public_on_Oct_25_2005"	"Homo_sapiens,!Sample_organism_ch2"	"PRJNA93315"	NA	"Expression_profiling_by_array"	"RNA"	"Whole_blood_samples_collectedin_PAXgene_tubes"
"data/GSE40nnn/GSE40428/matrix/metadata.txt.gz"	"GSE40428"	"ENU_derived_mouse_line_AEA001:_A_model_for_osteoporosis_carrying_a_mutation_in_Ednra"	"Transcriptome_analysis_of_white_adipose_tissue_and_bone_(femur_of_the_hind_limbs)_of_the_AEA001_mutant_mouse._ENU_generated_mouse_lines_for_osteoporosis._The_mutation_in_the_Ednra_gene_causes_big_ears_and_a_flat_short_head._Due_to_a_decreased_body_mass_and_a_trend_towards_decreased_glucose_level_white_adipose_tissue_was_analysed."	NA	"Public_on_Sep_01_2014"	"Mus_musculus"	"PRJNA173929"	NA	"Expression_profiling_by_array"	"RNA"	"replicate_1"
"data/GSE40nnn/GSE40469/matrix/metadata.txt.gz"	"GSE40469"	"Transcriptome_Analysis_of_Exercise_Ancestry"	"Early_life_and_pre-conception_environmental_stimuli_can_affect_adult_health-related_phenotypes._Exercise_training_is_an_environmental_stimulus_affecting_many_systems_throughout_the_body_and_appears_to_alter_offspring_phenotypes._The_aim_of_this_study_was_to_examine_the_influence_of_parental_exercise_training,_or_“exercise_ancestry,”_on_morphological_and_metabolic_phenotypes_in_multiple_generations_of_mouse_offspring._F0_C57BL/6_mice_were_exposed_to_voluntary_exercise_or_sedentary_lifestyle_and_bred_with_like-exposed_mates_to_produce_an_F1_generation._F1_mice_of_both_ancestries_were_sedentary_and_sacrificed_at_8_wk_or_bred_with_littermates_to_produce_an_F2_generation,_which_was_also_sedentary_and_sacrificed_at_8_wk._Small,_but_broad_generation-_and_sex-specific_effects_of_exercise_ancestry_were_observed_for_body_mass,_fat_and_muscle_mass,_serum_insulin,_glucose_tolerance,_and_muscle_gene_expression._F1_EX_females_were_heavier_than_F1_SED_females,_but_F1_SED_females_had_higher_absolute_tibialis_anterior_and_omental_fat_masses._Serum_insulin_was_lower_in_F1_SED_females_compared_to_F1_EX_females._F2_EX_females_had_impaired_glucose_tolerance_compared_to_F2_SED_females._Analysis_of_skeletal_muscle_mRNA_levels_revealed_several_generation-_and_sex-specific_differences_in_mRNA_levels_for_multiple_genes,_especially_those_related_to_metabolic_genes_(e.g.,_F1_EX_males_had_lower_mRNA_levels_of_Hk2,_Ppard,_Ppargc1α,_Adipoq,_and_Scd1_than_F1_SED_males)._These_results_provide_preliminary_evidence_that_parental_exercise_training_can_influence_health-related_phenotypes_in_mouse_offspring.,Transcriptome_analysis_of_gastrocnemius_muscle_RNA_samples_from_exercise_and_sedentary_ancestries"	"23771910"	"Public_on_Aug_30_2012"	"Mus_musculus"	"PRJNA174096"	NA	"Expression_profiling_by_array"	"RNA"	NA
"data/GSE42nnn/GSE42057/matrix/metadata.txt.gz"	"GSE42057"	"Peripheral_blood_mononuclear_cell_gene_expression_in_chronic_obstructive_pulmonary_disease"	"Candidate_genes_identified_included_those_that_play_a_role_in_the_immune_system,_inflammatory_responses,_and_sphingolipid_metabolism._Many_of_our_final_candidate_genes_also_show_an_association_with_related_disease_phenotypes_such_as_emphysema,_gas_trapping,_and_6-minute_walk_distance.,Expression_data_were_generated_on_136_subjects_from_the_COPDGene®_study_using_Affymetrix_microarrays._Multiple_linear_regression_with_adjustment_for_covariates_(gender,_age,_body_mass_index,_family_history,_smoking_status,_pack_years)_was_used_to_identify_candidate_genes_and_Ingenuity_Pathway_Analysis_was_used_to_identify_candidate_pathways."	"23590301,25494452"	"Public_on_May_06_2013"	"Homo_sapiens"	"PRJNA179039"	NA	"Expression_profiling_by_array"	"RNA"	NA
"data/GSE52nnn/GSE52830/matrix/metadata.txt.gz"	"GSE52830"	"Obesity-associated_variants_within_FTO_form_long-range_functional_connections_with_IRX3"	"Genome-wide_association_studies_in_diverse_populations_have_reproducibly_associated_variants_within_introns_of_FTO_with_increased_risk_for_obesity_and_type-2_diabetes.While_the_molecular_mechanisms_linking_these_noncoding_variants_with_obesity_are_not_immediately_obvious,_subsequent_studies_in_mice_demonstrated_that_FTO_expression_levels_influence_body_mass_and_composition_phenotypes._Yet,_no_direct_connection_between_the_obesity-associated_intronic_variants_and_FTO_expression_or_function_has_been_made._We_show_that_the_obesity-associated_noncoding_sequences_within_FTO_are_functionally_connected,_at_megabase_distances,_primarily_with_the_homeobox_gene_IRX3,_rather_than_with_FTO."	"24646999"	"Public_on_Feb_24_2014"	"Danio_rerio,Mus_musculus,!Sample_organism_ch1"	"PRJNA230260"	"SRP033390,SRP033390"	"Other"	"SRA"	NA
"data/GSE53nnn/GSE53396/matrix/metadata.txt.gz"	"GSE53396"	"Widespread_Discordance_of_DNA_Methylation_Between_two_Accessible_Human_Tissues"	"Inter-individual_variability_in_DNA_methylation_has_been_hypothesized_to_contribute_to_complex_phenotypes_through_epigenetic_modulation_of_gene_expression_levels._Population_epigenetic_studies_have_been_examining_differences_in_DNA_methylation_in_a_variety_of_accessible_tissues_for_association_with_specific_diseases_or_exposures,_but_relatively_little_is_known_about_how_this_inter-individual_variation_differs_between_tissues._This_study_presents_an_analysis_of_global_DNA_methylation_differences_between_matched_peripheral_blood_mononuclear_cells_and_buccal_epithelial_cells;_specifically_it_examines_differential_DNA_methylation,_probe-wise_DNA_methylation_variance,_and_how_methylation_relates_to_a_number_of_demographic_factors_across_the_two_tissues._We_found_that_peripheral_blood_mononuclear_cells_have_overall_higher_DNA_methylation_than_buccal_epithelial_cells,_and_regions_of_the_genome_that_are_differently_methylated_between_the_tissues_tend_to_have_low_CpG_density._We_also_discovered_that_although_both_tissues_show_extensive_probe-wise_variability,_the_specific_regions_and_magnitude_of_variability_differed_between_tissues._Finally,_we_observed_that_while_both_buccal_epithelial_and_peripheral_mononuclear_blood_cell_DNA_methylation_was_associated_with_gender,_only__methylation_of_the_latter_was_associated_with_body_mass_index._The_work_presented_here_offers_insight_into_variability_of_DNA_methylation_between_individuals_and_across_tissues_and_the_suitability_of_buccal_epithelial_and_peripheral_mononuclear_cells_for_the_biological_questions_explored_by_epigenome-wide_association_studies_in_human_populations."	"25660083"	"Public_on_May_31_2014"	"Homo_sapiens"	"PRJNA231916"	NA	"Methylation_profiling_by_array"	"genomic"	"Participant"
"data/GSE5nnn/GSE5796/matrix/metadata.txt.gz"	"GSE5796"	"A_Link_between_the_N363S_Glucocorticoid_Receptor_Polymorphism_and_Altered_Gene_Expression_Related_to_Human_Disease"	"A_single_nucleotide_polymorphism_(SNP)_in_the_human_glucocorticoid_receptor_(GR),_N363S,_has_been_the_focus_of_several_clinical_studies,_and_some_epidemiological_data_link_this_SNP_to_increased_glucocorticoid_sensitivity,_coronary_artery_disease_and_increased_body_mass_index_(BMI).__However,_molecular_studies_in_vitro_using_reporter_gene_expression_systems_have_failed_to_define_a_link_between_this_polymorphism_and_altered_glucocorticoid_receptor_function.__To_address_the_biological_relevancy_of_N363S_in_glucocorticoid_receptor_mechanisms_and_function,_we_established_stable_U-2_OS_(human_osteosarcoma)_cell_lines_expressing_wild_type_hGR_or_N363S_using_a_tetracycline-regulated_expression_system.__Functional_assays_with_reporter_gene_systems_revealed_only_minor_differences_between_the_wild_type_hGR_and_N363S_receptors_under_a_variety_of_conditions_that_probe_for_GR_function.__However,_examination_of_this_polymorphism_by_human_gene_microarray_analysis_showed,_for_the_first_time,_that_there_are_significant_differences_between_wild_type_hGR_and_the_N363S_SNP_in_their_ability_to_selectively_regulate_gene_expression.__Several_of_these_genes_may_define_the_link_between_the_N363S_SNP_and_human_disease.,Keywords:_human_glucocorticoid_receptor,_N363S_single_nucleotide_polymorphism,_microarray_gene_analysis"	"17535992"	"Public_on_Mar_10_2008"	"Homo_sapiens,!Sample_organism_ch2"	"PRJNA97161"	NA	"Expression_profiling_by_array"	"RNA"	"U-2_OS_cells_were_transfected_with_the_BD_Clontech_pTET-OFF_regulatory_plasmid_to_establish_the_U-OFF_parental_cell_line.__MluI_and_EcoRV_ends_were_generated_onto_the_coding_region_of_hGRa_using_PCR_amplification_of_the_pCMVhGRa_plasmid.__The_pTRE2hyg_vector_was_digested_with_MluI_and_EcoRV_and_the_two_DNAs_were_ligated_to_form_the_pTRE2hGRa_plasmid_(Lu_and_Cidlowski).__Site-directed_mutagenesis_was_then_performed_to_make_pTRE2N363S.__The_wild_type_hGR_and_the_N363S_mutant_were_individually_transfected_into_the_U-OFF_cells_and_clones_were_selected_which_stably_expressed_either_hGRa_or_N363S_using_200_mg/ml_of_geneticin_and_500_mg/ml_of_hygromycin._Several_clones_were_obtained_for_each_receptor,_and_the_receptor_levels_were_compared_using_western_blot_analyses._In_these_cell_lines,_the_expression_of_hGR_can_be_repressed_by_the_addition_of_tetracycline_or_the_derivative_doxycycline_to_the_media._U-2_OS_(human_osteosarcoma)_cells_were_maintained_in_DMEM/F-12_supplemented_with_10%_FCS:CS,_2_mM_glutamine_and_pen-strep_and_selected_clones_were_maintained_in_the_same_media_with_the_addition_of_200_mg/ml_Geneticin_and_200_mg/ml_hygromycin._All_cells_were_maintained_in_a_humidified,_5%_CO2_atmosphere.__For_the_Microarray:__U-2_OS_cells_stably_expressing_either_wild_type_hGR_or_N363S_were_treated_for_six_hours_with_10_nM_dexamethasone_or_vehicle,_and_total_RNA_was_isolated_using_the_Qiagen_RNeasy_midi_kit_(Qiagen,_Valencia,_CA)."
"data/GSE61nnn/GSE61257/matrix/metadata.txt.gz"	"GSE61257"	"Human_adipose_Illumina_Inf_450_DNA_methylation_data"	"Genome_wide_DNA_methylation_profiles_of_human_adipose_tissue._The_Illumina_Infinium_450k_Human_DNA_methylation_Beadchip_v1.2_was_used_to_obtain_DNA_methylation_profiles_across_approximately_485,000_CpGs._Dataset_includes_32_samples_from_Germany._The_goal_of_the_study_was_to_evalute_the_relationship_between_body_mass_index_and_DNA_methylation_levels."	"25313081"	"Public_on_Nov_03_2014"	"Homo_sapiens"	"PRJNA260614"	NA	"Methylation_profiling_by_array"	"genomic"	"genomic_DNA_from_human_adipose_tissue"
"data/GSE61nnn/GSE61258/matrix/metadata.txt.gz"	"GSE61258"	"Human_Liver_Illumina_Inf_450_DNA_methylation_data"	"Genome_wide_DNA_methylation_profiles_of_human_Liver_tissue._The_Illumina_Infinium_450k_Human_DNA_methylation_Beadchip_v1.2_was_used_to_obtain_DNA_methylation_profiles_across_approximately_485,000_CpGs._Dataset_includes_79_samples_from_Germany._The_goal_of_the_study_was_to_evalute_the_relationship_between_body_mass_index_and_DNA_methylation_levels."	"25313081"	"Public_on_Nov_03_2014"	"Homo_sapiens"	"PRJNA260613"	NA	"Methylation_profiling_by_array"	"genomic"	"genomic_DNA_from_human_liver_tissue"
"data/GSE61nnn/GSE61259/matrix/metadata.txt.gz"	"GSE61259"	"Human_muscle_Illumina_Inf_450_DNA_methylation_data"	"Genome_wide_DNA_methylation_profiles_of_human_muscle_tissue._The_Illumina_Infinium_450k_Human_DNA_methylation_Beadchip_v1.2_was_used_to_obtain_DNA_methylation_profiles_across_approximately_485,000_CpGs._Dataset_includes_26_samples_from_Germany._The_goal_of_the_study_was_to_evalute_the_relationship_between_body_mass_index_and_DNA_methylation_levels."	"25313081"	"Public_on_Nov_03_2014"	"Homo_sapiens"	"PRJNA260616"	NA	"Methylation_profiling_by_array"	"genomic"	"genomic_DNA_from_human_muscle_tissue"
"data/GSE61nnn/GSE61260/matrix/metadata.txt.gz"	"GSE61260"	"Human_liver_gene_expression_data_from_subjects_of_varying_ages"	"N=134_human_liver_samples_from_morbidly_obese_patients_and_healthy_controls_were_analysed_by_array-based_mRNA_expression_profiling._Liver_messenger_RNA_expression_datasets_from_the_German_patients_were_generated_on_the_HuGene_1.1_ST_gene_array_The_purpose_of_the_study_was_to_correlate_these_gene_expression_data_with_body_mass_index_and_with_an_epigenetic_measure_of_age_acceleration_based_on_DNA_methylation_data."	"25313081"	"Public_on_Nov_03_2014"	"Homo_sapiens"	"PRJNA260615"	NA	"Expression_profiling_by_array"	"RNA"	"Gene_expression_data_from_human_liver_tissue"
"data/GSE62nnn/GSE62797/matrix/metadata.txt.gz"	"GSE62797"	"Roles_of_small_RNAs_in_the_effects_of_nutrition_on_apoptosis_and_spermatogenesis_in_the_adult_testis"	"In_this_study,_we_tested_whether_reduction_in_spermatozoal_quality_induced_by_under-nutrition_is_associated_with_an_increase_in_germ_cell_apoptosis_and_a_reduction_in_spermatogenesis,_and_whether_these_effects_are_regulated_by_small_RNAs._Groups_of_8_male_sheep_were_fed_for_a_10%_increase_or_10%_decrease_in_body_mass_over_65_days._Testicular_tissue_from_underfed_males_had_more_apoptotic_germ_cells_(TUNEL_assay;_P_<_0.05)_and_greater_(P_<_0.05)_levels_of_expression_of_apoptosis-related_genes_than_well-fed_males._We_identified_44_miRNAs_and_35_piRNAs_that_were_differentially_expressed_in_well-fed_and_underfed_males_(FDR_<_0.05)_and_found_that_they_were_predominantly_related_to_development_of_the_reproductive_system,_apoptosis_(miRNAs),_or_sperm_production_and_quality_(piRNAs)._Furthermore,_experimental_validation_showed_that_novel-miR-144,_a_homologue_of_miR-98,_would_target_three_apoptotic_genes_(TP53,_CASP3,_FASL)._The_proportion_of_miRNAs_as_a_total_of_small_RNAs_was_greater_in_well-fed_males_than_in_underfed_males_(P_<_0.05)_and_was_positively_correlated_with_the_proportion_of_piRNAs_in_well-fed_males_(r_=_0.8,_P_<_0.05)_and_underfed_males_(r_=_0.8,_P_<_0.05)._We_conclude_that_the_reductions_in_spermatozoal_quality_induced_by_under-nutrition_are_due,_at_least_partly,_to_increased_germ_cell_apoptosis_and_to_changes_in_the_expression_of_miRNAs_and_piRNAs."	"25996545"	"Public_on_Feb_13_2017"	"Ovis_aries"	"PRJNA265167"	"SRP049367"	"Non-coding_RNA_profiling_by_high_throughput_sequencing"	"SRA"	NA
"data/GSE65nnn/GSE65319/matrix/metadata.txt.gz"	"GSE65319"	"Pleiotropic_Analysis_of_Lung_Cancer_and_Blood_Triglycerides"	"Epidemiologically_related_traits_may_share_genetic_risk_factors,_and_pleiotropic_analysis_could_identify_individual_loci_associated_with_these_traits._Because_of_their_shared_epidemiological_associations,_we_conducted_pleiotropic_analysis_of_genome-wide_association_studies_of_lung_cancer_(12_160_lung_cancer_case_patients_and_16_838_control_subjects)_and_cardiovascular_disease_risk_factors_(blood_lipids_from_188_577_subjects,_type_2_diabetes_from_148_821_subjects,_body_mass_index_from_123_865_subjects,_and_smoking_phenotypes_from_74_053_subjects)._We_found_that_6p22.1_(rs6904596,_ZNF184)_was_associated_with_both_lung_cancer_(P_=_5.50x10-6)_and_blood_triglycerides_(P_=_1.39x10-5)._We_replicated_the_association_in_6097_lung_cancer_case_patients_and_204_657_control_subjects_(P_=_2.40 × 10-4)_and_in_71_113_subjects_with_triglycerides_data_(P_=_.01)._rs6904596_reached_genome-wide_significance_in_lung_cancer_meta-analysis_(odds_ratio_=_1.15,_95%_confidence_interval_=_1.10_to_1.21,_Pcombined_=_5.20x10-9)._The_large_sample_size_provided_by_the_lipid_GWAS_data_and_the_shared_genetic_risk_factors_between_the_two_traits_contributed_to_the_uncovering_of_a_hitherto_unidentified_genetic_locus_for_lung_cancer."	"27565901"	"Public_on_Nov_06_2016"	"Homo_sapiens"	"PRJNA273669"	"SRP052842"	"Methylation_profiling_by_high_throughput_sequencing"	"SRA"	"Bisulfite-treated_DNA"
"data/GSE68nnn/GSE68274/matrix/metadata.txt.gz"	"GSE68274"	"Expression_changes_in_mRNA_expression_associated_with_the_effects_of_nutrition_on_apoptosis_and_spermatogenesis_in_the_adult_testis"	"We_tested_whether_the_defects_in_spermatogenesis_and_increases_in_germ_cell_apoptosis_that_are_induced_by_under-nutrition_are_associated_with_changes_in_mRNA_expression_and_pre-mRNA_alternative_splicing_in_the_testis._Groups_of_8_male_sheep_were_fed_for_a_10%_increase_or_10%_decrease_in_body_mass_over_65_days._We_identified_2,243_mRNAs,_including_TP53_and_Claudin_11,_that_were_differentially_expressed_in_testis_from_underfed_and_well-fed_sheep_(FDR_<_0.1),_and_found_that_their_changes_in_expression_were_associated_with_germ_cells,_testis_size,_cell_cycle_and_spermatogenesis_variations._Furthermore,_pairs_of_269_mRNAs_and_48_miRNAs_were_indentified_based_on_target_prediction_and_the_negative_regulatory_effect_of_miRNAs_on_mRNA_expression_with_functions_involved_in_abnormal_reproductive_morphology,_apoptosis_and_male_infertility._Nutrition_did_not_affect_the_total_number_of_alternative_splicing_junctions,_but_affected_1,040_alternative_splicing_events_(FDR_<_0.05,_∆PSI_>_10%)._A_total_of_788_genes,_including_CREM,_MAP2,_HIPK3_and_TRa2β,_were_differentially_spliced_between_dietary_treatments,_with_functions_related_to_protein_localization,_cellular_metabolic_process,_post-translational_protein_modification_and_spermatogenesis._In_addition,_three_gene_modules_were_positively_correlated_with_spermatogenesis-related_phenotypic_traits_and_negatively_related_to_apoptosis-related_phenotypic_traits._Among_these_gene_modules,_seven_(CFLAR,_PTPRC,_F2R,_MAP3K1,_EPHA7,_APP,_BCAP31)_were_also_differentially_expressed_between_nutritional_treatments,_indicating_their_potential_as_markers_of_spermatogenesis_or_apoptosis._We_conclude_that_under-nutrition_causes_changes_in_mRNAs_and_pre-mRNA_alternative_splicing_that,_at_least_partly,_contribute_to_disrupted_spermatogenesis_and_increased_germ_cell_apoptosis."	"28068922"	"Public_on_Mar_08_2017"	"Ovis_aries"	"PRJNA282344"	"SRP057670"	"Expression_profiling_by_high_throughput_sequencing"	"SRA"	NA
"data/GSE69nnn/GSE69248/matrix/metadata.txt.gz"	"GSE69248"	"Expression_profiles_of_32-gene_signature_in_liver_tissue_of_obese_subjects_with_NASH_undergoing_bariatric_surgery."	"Background_&_Aims:_Bariatric_surgery_is_associated_with_improved_outcomes_in_subjects_with_severe_obesity._We_aimed_to_determine_the_prognostic_relevance_of_liver_histology_in_a_large_cohort_of_obese_patients_undergoing_bariatric_surgery._Methods:_In_a_single_center_cohort_of_492_subjects_undergoing_Roux-en-Y_gastric_bypass_bariatric_surgery_with_routine_perioperative_liver_biopsy_at_Geneva_University_Hospital_between_January_1997_to_December_2004,_clinical_and_histopathological_variables_were_analyzed_for_association_with_overall_survival._Survival_of_the_cohort_was_compared_to_age-_and_sex-matched_life_tables_from_the_Swiss_general_population_and_propensity_score-matched_subjects_from_the_third_National_Health_and_Nutrition_Examination_Survey_(NHANES_III)._A_32-gene_signature_was_evaluated_in_the_liver_tissue_of_47_non-alcoholic_steatohepatitis_(NASH)_subjects._Results:_Median_body_mass_index_was_43.6_kg/m2._Twenty-one_patients_(4.2%)_died_during_a_median_follow-up_of_10.3_years._At_baseline_liver_histology,_12%_and_16%_of_subjects_had_NASH,_and_fibrosis,_respectively._In_multivariable_Cox_regression,_presence_of_NASH_(hazard_ratio_[HR]_3.4,_p=0.0087),_age_greater_than_50_years_(HR_2.7,_p=0.044),_hypertension_(HR_3.8,_p=0.021),_and_short-term_postoperative_complications_(HR_2.8,_p=0.048)_were_associated_with_overall_survival._Compared_to_matched_NHANES_III_subjects,_bariatric_surgery_improved_long-term_survival_(HR_0.54,_p=0.035),_although_this_benefit_was_not_observed_in_the_subgroup_of_NASH_patients_(HR_0.97,_p=0.94)._A_32-gene_poor_prognosis_signature_prediction_was_associated_with_worse_overall_survival_within_NASH_subjects_(n=47,_HR_=_7.7,_p=0.03_)._Conclusions_Histologically_proven_NASH_was_associated_with_increased_long-term_mortality_in_subjects_undergoing_bariatric_surgery._Although_survival_benefit_of_bariatric_surgery_may_be_limited_in_obese_patients_with_NASH,_a_32-gene_expression_signature_appears_to_predict_long_term_mortality_in_these_patients."	"26492845"	"Public_on_Dec_07_2015"	"Homo_sapiens"	"PRJNA284958"	NA	"Expression_profiling_by_array"	"RNA"	NA
"data/GSE6nnn/GSE6798/matrix/metadata.txt.gz"	"GSE6798"	"Reduced_expression_of_mitochondrial_oxidative_metabolism_genes_in_skeletal_muscle_of_women_with_PCOS"	"Keywords:_PCOS,_DNA_microarray,_global_pathway_analysis,_mitochondrial_oxidative_metabolism,_qantitative_real_time_PCR,_insulin_resistance,_skeletal_muscle,Our_results,_for_the_first_time,_provide_evidence_for_an_association_between_insulin_resistance_and_impaired_mitochondrial_oxidative_metabolism_in_skeletal_muscle_in_women_with_PCOS._This_may_contribute_to_the_increased_risk_of_type_2_diabetes_observed_in_these_women,Recently,_abnormalities_in_mitochondrial_oxidative_phosphorylation_(OXPHOS)_have_been_implicated_in_the_pathogenesis_of_skeletal_muscle_insulin_resistance_in_type_2_diabetes._In_the_present_study,_we_hypothesized_that_decreased_expression_of_OXPHOS_genes_could_be_of_similar_importance_for_insulin_resistance_in_the_polycystic_ovary_syndrome_(PCOS).,Using_the_HG-U133_Plus_2.0_expression_array_from_Affymetrix,_we_analyzed_gene_expression_in_skeletal_muscle_from_obese_women_with_PCOS_(n=16)_and_age-_and_body_mass_index-matched_control_women_(n=13)_metabolically_characterized_by_euglycemic-hyperinsulinemic_clamp_and_indirect_calorimetry._To_identify_pathways_of_importance_for_the_pathogenesis_of_insulin_resistance_in_PCOS,_we_performed_biological_pathway_analysis_using_Gene_Set_Enrichment_Analysis_(GSEA_1.0)_and_Gene_Microarray_Pathway_Profiler_(GenMAPP_2.0)._The_expression_of_9_genes,_selected_according_to_biological_relevance,_was_evaluated_by_quantitative_real_time_PCR_(q-RT-PCR).,Women_with_PCOS_were_characterized_by_fasting_hyperinsulinemia_and_impaired_insulin-stimulated_glucose_disposal_-_caused_by_reduced_glucose_oxidation_and_storage_-_as_well_as_impaired_suppression_of_lipid_oxidation_(all_P<0.01)._GSEA_and_GenMAPP_both_revealed_the_same_set_of_genes_involved_in_OXPHOS,_which_was_also_the_most_downregulated_biological_pathway_(P<0.01)._These_results_were_confirmed_by_q-RT-PCR_of_six_genes_from_the_OXPHOS_gene_set_as_well_as_three_transcription_factors_known_to_regulate_the_transcription_of_these_genes."	"17563058"	"Public_on_Oct_20_2007"	"Homo_sapiens"	"PRJNA99193"	NA	"Expression_profiling_by_array"	"RNA"	"Vastus_lateralis_muscle"
"data/GSE70nnn/GSE70905/matrix/metadata.txt.gz"	"GSE70905"	"Age_and_estrogen-dependent_inflammation_in_breast_adenocarcinoma_and_normal_breast_tissue_[cohort_1]"	"Chronic_inflammation_promotes_breast_tumor_growth_and_invasion_by_accelerating_angiogenesis_and_tissue_remodeling_in_the_tumor_microenvironment.__The_relationship_between_inflammation_and_estrogen,_which_drives_the_growth_of_70_percent_of_breast_tumors,_is_complex._Low_levels_of_estrogen_exposure_stimulate_macrophages_and_other_inflammatory_cell_populations,_but_very_high_levels_are_immune_suppressive._Breast_tumor_incidence_is_increased_by_obesity_and_age,_which_interact_to_influence_inflammatory_cell_populations_in_normal_breast_tissue._The_molecular_impact_of_these_factors_on_tumor_initiation_and_growth_is_not_well-understood._We_modeled_the_difference_in_gene_expression_between_195_breast_adenocarcinomas_and_195_matched_adjacent_normal_breast_tissue_samples,_using_age,_body_mass_index_(BMI),_and_tumor_subtype_as_covariates._Age_and_BMI_were_independently_associated_with_inflammation_in_normal_tissue_but_not_tumors._Older_patients_with_ER-positive_disease_had_tumors_with_higher_levels_of_Estrogen_Receptor_(ER)_signaling_compared_to_adjacent_normal_tissue_and_had_lower_relative_levels_of_tumor_macrophage_expression._We_developed_a_novel_statistic_to_quantify_the_rewiring_of_gene_co-expression_networks_and_demonstrate_that_in_ER-positive_tumors_basal_gene_networks_are_rewired_even_though_their_expression_levels_of_these_genes_are_not_significantly_different_from_those_in_adjacent_normal_tissue.__Patient_age_influences_the_molecular_profile_of_ER-positive_breast_tumors._Our_data_support_an_immunosuppressive_effect_of_estrogen_signaling_in_the_breast_tumor_microenvironment,_suggesting_this_effect_contributes_to_the_greater_presence_of_prognostic_and_therapeutically_relevant_immune_cells_in_ER-negative_tumors."	NA	"Public_on_Jul_01_2016"	"Homo_sapiens"	"PRJNA289897"	NA	"Expression_profiling_by_array"	"RNA"	"CM1N,gene_expression_from_breast_tissue_adjacent_to_tumor"
"data/GSE70nnn/GSE70947/matrix/metadata.txt.gz"	"GSE70947"	"Age_and_estrogen-dependent_inflammation_in_breast_adenocarcinoma_and_normal_breast_tissue_[cohort_2]"	"Chronic_inflammation_promotes_breast_tumor_growth_and_invasion_by_accelerating_angiogenesis_and_tissue_remodeling_in_the_tumor_microenvironment.__The_relationship_between_inflammation_and_estrogen,_which_drives_the_growth_of_70_percent_of_breast_tumors,_is_complex._Low_levels_of_estrogen_exposure_stimulate_macrophages_and_other_inflammatory_cell_populations,_but_very_high_levels_are_immune_suppressive._Breast_tumor_incidence_is_increased_by_obesity_and_age,_which_interact_to_influence_inflammatory_cell_populations_in_normal_breast_tissue._The_molecular_impact_of_these_factors_on_tumor_initiation_and_growth_is_not_well-understood._We_modeled_the_difference_in_gene_expression_between_195_breast_adenocarcinomas_and_195_matched_adjacent_normal_breast_tissue_samples,_using_age,_body_mass_index_(BMI),_and_tumor_subtype_as_covariates._Age_and_BMI_were_independently_associated_with_inflammation_in_normal_tissue_but_not_tumors._Older_patients_with_ER-positive_disease_had_tumors_with_higher_levels_of_Estrogen_Receptor_(ER)_signaling_compared_to_adjacent_normal_tissue_and_had_lower_relative_levels_of_tumor_macrophage_expression._We_developed_a_novel_statistic_to_quantify_the_rewiring_of_gene_co-expression_networks_and_demonstrate_that_in_ER-positive_tumors_basal_gene_networks_are_rewired_even_though_their_expression_levels_of_these_genes_are_not_significantly_different_from_those_in_adjacent_normal_tissue.__Patient_age_influences_the_molecular_profile_of_ER-positive_breast_tumors._Our_data_support_an_immunosuppressive_effect_of_estrogen_signaling_in_the_breast_tumor_microenvironment,_suggesting_this_effect_contributes_to_the_greater_presence_of_prognostic_and_therapeutically_relevant_immune_cells_in_ER-negative_tumors."	NA	"Public_on_Jul_01_2016"	"Homo_sapiens"	"PRJNA290007"	NA	"Expression_profiling_by_array"	"RNA"	"CM016.N.c2,gene_expression_from_breast_tissue_adjacent_to_tumor"
"data/GSE71nnn/GSE71415/matrix/metadata.txt.gz"	"GSE71415"	"p38_Mitogen-Activated_Protein_Kinase_Signals_the_Immunoresolving_Actions_of_Resolvin_D1_in_Inflamed_Human_Visceral_Adipose_Tissue"	"Activation_of_the_innate_immune_system_leading_to_a_persistent_state_of_low-grade_of_tissue_inflammation_greatly_influences_the_risk_of_developing_metabolic_complications_associated_with_obesity._In_this_study,_we_characterized_the_inflammatory_state_in_adipose_tissue_from_obese_patients_and_explored_the_potential_of_the_specialized_pro-resolving_mediator_(SPM)_resolvin_D1_(RvD1)_to_actively_terminate_inflammation_and_promote_its_resolution._By_means_of_high-troughput_transcritomic_analysis_we_identified_a__cytokine-related_molecular_signature_in_obese_omental_adipose_tissue,_characterized_by_a_remarkable_overexpression_of_interleukin_(IL)-6,_IL-1β_and_IL-10_associated_with_a_concomitant_increase_in_macrophage_infiltration,_which_gradually_increased_in_a_body_mass_index-dependent_manner."	"27647830"	"Public_on_Jul_28_2016"	"Homo_sapiens"	"PRJNA291197"	NA	"Expression_profiling_by_array"	"RNA"	"Human_Adipose_Tissue:_HAT105_[morbid_obesity]"
"data/GSE72nnn/GSE72556/matrix/metadata.txt.gz"	"GSE72556"	"Maternal_Weight_Phenotype_as_a_Predictor_of_Methylation_of_Obesity-Related_CpG_Sites_in_Saliva_Samples_from_Latino_Children"	"Epigenetics_presents_a_dynamic_approach_to_assess_complex_individual_variation_in_obesity_susceptibility._However,_few_studies_have_examined_epigenetic_patterns_in_preschool-age_children,_despite_the_relevance_of_this_developmental_stage_to_trajectories_of_weight_gain,_because_of_difficulties_obtaining_blood_tissue_samples._This_proof_of_principle_study_examined_DNA_methylation_in_92_saliva_samples,_comparing_Latino_preschool_children_of_normal_weight_mothers_(Body_Mass_Index_[BMI]_<27_kg/m2_and_WC_<90_cm)_to_children_of_obese_mothers_(BMI_>30_kg/m2_and_WC_>100_cm)._We_hypothesized_that_salivary_DNA_methylation_patterns_in_Latino_preschool_age_children_born_of_normal_weight_vs_obese_weight_mothers_would_be:_1)_associated_with_maternal_BMI_phenotype_in_continuous_linear_regression_analysis;_2)_saliva_could_demonstrate_epigenetic_variation_across_individuals;_and_3)_preschool_child_saliva_would_be_differentially_methylated_when_comparing_those_children_with_obese_versus_normal_weight_mothers.__One_hundred_and_nineteen_CpG_sites_were_significantly_(p-value_<1.56_X_10-5,_p-value_adjusted_<.05)_associated_with_maternal_BMI_in_linear_regression_models_controlling_for_child’s_age,_gender,_and_BMI._Of_these_119_CpG_sites,_41_were_found_within_the_transcription_start_site,_5’_UTR,_3’_UTR,_or_another_regulatory_region_outside_of_the_gene_body.__Saliva,_a_practical_human_tissue_to_obtain_in_naturalistic_settings_and_in_pediatric_populations,_was_confirmed_to_be_a_viable_medium_for_genome-wide_epigenetic_testing_with_maternal_weight._Although_not_identical_to_results_yielded_from_other_human_tissue_types_(i.e.,_cord_blood_samples),_saliva_findings_indicate_potential_epigenetic_differences_in_Latino_preschool_children_at_risk_for_pediatric_obesity."	NA	"Public_on_Feb_25_2016"	"Homo_sapiens"	"PRJNA294332"	NA	"Methylation_profiling_by_array"	"genomic"	NA
"data/GSE73nnn/GSE73103/matrix/metadata.txt.gz"	"GSE73103"	"Many_obesity-associated_SNPs_strongly_associate_with_DNA_methylation_changes_at_proximal_promoters_and_enhancers"	"Background:_The_mechanisms_of_how_genetic_variants_(SNPs)_identified_in_genome-wide_association_studies_act_to_influence_body_mass_remain_unknown_for_most_of_these_SNPs,_which_continue_to_puzzle_the_scientific_community._Recent_evidence_points_to_epigenetic_and_chromatin_state_of_the_genome_to_have_an_important_role.__Methods:_355_healthy_young_individuals_were_genotyped_for_52_known_obesity-associated_SNPs_and_we_obtained_DNA_methylation_levels_in_their_blood_using_the_Illumina_450K_BeadChip._Associations_between_alleles_and_methylation_at_proximal_cytosine_residues_were_tested_using_a_linear_model_adjusted_for_age,_sex,_weight_category_and_a_proxy_for_blood_cell_type_counts._For_replication_in_other_tissues,_we_used_two_open-access_datasets_(skin_fibroblasts,_n=62;_four_brain_regions,_n=121-133)_and_an_additional_dataset_in_subcutaneous_and_visceral_fat_(n=149).__Results:_We_found_that_alleles_at_28_of_these_obesity-associated_SNPs_associate_with_methylation_levels_at_107_proximal_CpG_sites._Out_of_107_CpG_sites,_38_are_located_in_gene_promoters,_including_genes_strongly_implicated_in_obesity_(MIR148A,_BDNF,_PTPMT1,_NR1H3,_MGAT1,_SCGB3A1,_HOXC12,_PMAIP1,_PSIP1,_RPS10-NUDT3,_RPS10,_SKOR1,_MAP2K5,_SIX5,_AGRN,_IMMP1L,_ELP4,_ITIH4,_SEMA3G,_POMC,_ADCY3,_SSPN,_LGR4,_TUFM,_MIR4721,_SULT1A1,_SULT1A2,_APOBR,_CLN3,_SPNS1,SH2B1,_ATXN2L,_and_IL27)._Interestingly,_the_associated_SNPs_are_in_known_eQTLs_for_some_of_these_genes._We_also_found_that_the_107_CpGs_are_enriched_in_enhancers_in_peripheral_blood_mononuclear_cells._Finally,_our_results_indicate_that_some_of_these_associations_are_not_blood-specific_as_we_successfully_replicated_four_associations_in_skin_fibroblasts.__Conclusions:_Our_results_strongly_suggest_that_many_obesity-associated_SNPs_are_associated_with_proximal_gene_regulation,_which_was_reflected_by_association_of_obesity_risk_allele_genotypes_with_differential_DNA_methylation._This_study_highlights_the_importance_of_DNA_methylation_and_other_chromatin_marks_as_a_way_to_understand_the_molecular_basis_of_genetic_variants_associated_to_human_diseases_and_traits."	"26449484"	"Public_on_Sep_17_2015"	"Homo_sapiens"	"PRJNA296032"	NA	"Methylation_profiling_by_array"	"genomic"	NA
"data/GSE73nnn/GSE73910/matrix/metadata.txt.gz"	"GSE73910"	"RNAome_Modulation_in_Lung_During_Metabolic_Syndrome_in_a_Rat_Model"	"Metabolic_syndrome_(MetS)_is_the_name_of_cluster_of_risk_factors_that_increases_the_risk_for_heart_disease_and_other_health_problems_by_which_several_organs_are_affected,_but_research_is_lacking_for_those_not_involved_directly_in_metabolism._The_cluster_is_integrated_by_central_obesity,_insulin_resistance,_dyslipidemia_(elevated_triglycerides_and_low_density_lipoprotein_and_decreased_high_density_lipoprotein),_and_high_blood_pressure,_according_to_the_consensus_released_by_the_International_Diabetes_Federation_[1]._This_problem_could_be_as_the_result_of_an_unbalanced_diets_(high-fat_and_carbohydrates),_and_genetic_background_[2,_3].,There_is_evidence_that_suggests_that_MetS_is_a_condition_that_increases_the_risk_of_different_lung_diseases._It_have_been_reported_in_some_MetS_patients_a_diminished_lung_function,_as_assessed_by_spirometry,_in_addition,_there_is_an_association_with_insulin_resistance,_increase_in_body_mass_index;_abdominal_obesity_and_systemic_inflammation_(high_levels_of_C_reactive_protein)_[4-6]._In_other_cases,_like_asthma,_some_components_of_MetS_such_as_abdominal_obesity,_hypertension_and_pro-inflammatory_cytokines_have_been_with_related_with_this_disease_[7-9]._Also,_a_few_clinical_studies_reported_that_abdominal_obesity,_hyperglycemia_and_elevated_levels_of_systemic_inflammatory_markers,_which_are_components_of_MetS,_were_significantly_more_prevalent_in_patients_with_chronic_obstructive_pulmonary_disease_[10-13]._In_the_present_work_we_evaluated_the__transcriptomic_changes_of_lung_tissue_in_an_animal_model_of_MetS_induced_by_diet."	NA	"Public_on_Jul_01_2017"	"Rattus_norvegicus"	"PRJNA298545"	NA	"Expression_profiling_by_array"	"RNA"	"Lung_tissue_from_a_male_wistar_rat_with_Sucrose_diet_30%,_after_24_weeks"
"data/GSE74nnn/GSE74209/matrix/metadata.txt.gz"	"GSE74209"	"MiRNA_Profiling_of_Whole_Trabecular_Bone:_Identification_of_Osteoporosis-Related_Changes_in_MiRNAs_in_Human_Hip_Bones"	"MicroRNAs_(miRNAs)_are_important_regulators_of_gene_expression,_with_documented_roles_in_bone_metabolism_and_osteoporosis,_suggesting_potential_therapeutic_targets._Our_aim_was_to_identify_miRNAs_differentially_expressed_in_fractured_vs_nonfractured_bones._Additionally,_we_performed_a_miRNA_profiling_of_primary_osteoblasts_to_assess_the_origin_of_these_differentially_expressed_miRNAs._Total_RNA_was_extracted_from_(a)_fresh_femoral_neck_trabecular_bone_from_women_undergoing_hip_replacement_due_to_either_osteoporotic_fracture_(OP_group,_n=6)_or_osteoarthritis_in_the_absence_of_osteoporosis_(Control_group,_n=6),_matching_the_two_groups_by_age_and_body_mass_index,_and_(b)_primary_osteoblasts_obtained_from_knee_replacement_due_to_osteoarthritis_(n=4)._Samples_were_hybridized_to_a_microRNA_array_containing_more_than_1900_miRNAs._Principal_component_analysis_(PCA)_plots_and_heat_map_hierarchical_clustering_were_performed._For_comparison_of_expression_levels,_the_threshold_was_set_at_log_fold_change_>_1.5_and_a_p-value_<_0.05_(corrected_for_multiple_testing)._Both_PCA_and_heat_map_analyses_showed_that_the_samples_clustered_according_to_the_presence_or_absence_of_fracture._Overall,_790_and_315_different_miRNAs_were_detected_in_fresh_bone_samples_and_in_primary_osteoblasts,_respectively,_293_of_which_were_common_to_both_groups._A_subset_of_82_miRNAs_was_differentially_expressed_(p_<_0.05)_between_osteoporotic_and_non-osteoporotic_samples._The_eight_miRNAs_with_the_lowest_p-values_(and_for_which_a_validated_miRNA_qPCR_assay_was_available)_were_assayed,_and_two_were_confirmed:_miR-320a_and_miR-483-5p._Both_were_over-expressed_in_the_osteoporotic_samples_and_expressed_in_primary_osteoblasts._miR-320a_is_known_to_target_CTNNB1_and_predicted_to_regulate_RUNX2,_while_miR-483-5p_down-regulates_IGF2._We_observed_a_reduction_trend_for_this_target_gene_in_the_osteoporotic_bone.In_conclusion,_we_identified_two_osteoblast_miRNAs_over-expressed_in_osteoporotic_fractures,_which_opens_novel_prospects_for_research_and_therapy."	"26555194"	"Public_on_Dec_21_2015"	"Homo_sapiens"	"PRJNA299327"	NA	"Non-coding_RNA_profiling_by_array"	"RNA"	"Bony_fragments_were_extracted_from_the_transcervical_region_of_the_femoral_neck_for_both_osteoporotic_fracture_(OP)_and_control_samples"
"data/GSE75nnn/GSE75729/matrix/metadata.txt.gz"	"GSE75729"	"Chronic_binge_alcohol_administration_dysregulates_global_regulatory_gene_networks_associated_with_skeletal_muscle_wasting_in_simian_immunodeficiency_virus-infected_macaques"	"Background:_There_are_more_than_1_million_persons_living_with_HIV/AIDS_(PLWHA)_in_the_United_States_and_approximately_40%_of_them_have_a_history_of_alcohol_use_disorders_(AUD)._Chronic_heavy_alcohol_consumption_and_HIV/AIDS_both_result_in_reduced_lean_body_mass_and_muscle_dysfunction,_increasing_the_incidence_of_comorbid_conditions._Previous_studies_from_our_laboratory_using_rhesus_macaques_infected_with_Simian_immunodeficiency_Virus_(SIV)_demonstrated_that_chronic_binge_alcohol_(CBA)_administration_in_the_absence_of_antiretroviral_therapy_exacerbates_skeletal_muscle_(SKM)_wasting_at_end-stage_SIV_disease._The_aim_of_this_study_was_to_characterize_how_CBA_alters_global_gene_regulatory_networks_that_lead_to_SKM_wasting_at_end-stage_disease._Administration_of_intragastric_alcohol_or_sucrose_to_male_rhesus_macaques_began_3_months_prior_to_SIV_infection_and_continued_throughout_the_duration_of_study._High-output_array_analysis_was_used_to_determine_CBA-dependent_changes_in_mRNA_expression,_miRNA_expression,_and_promoter_methylation_status_of_SKM_at_end-stage_disease_(~10_months_post-SIV)_from_healthy_control_(control),_sucrose-administered,_SIV-infected_(SUC/SIV),_and_CBA-administered/SIV-infected_(CBA/SIV)_macaques.,Conclusions:_The_results_from_this_study_provide_an_overview_of_the_impact_of_CBA_on_gene_regulatory_networks_involved_in_biological_functions,_including_transcriptional_and_epigenetic_processes,_illustrating_the_genetic_and_molecular_mechanisms_associated_with_CBA-dependent_SKM_wasting_at_end-stage_SIV_infection.,Results:_In_addition_to_previously_reported_effects_on_the_extracellular_matrix_and_the_promotion_of_a_pro-inflammatory_environment,_we_found_that_CBA_adversely_affects_gene_regulatory_networks_that_involve_universal_cellular_functions,_protein_homeostasis,_calcium_and_ion_homeostasis,_neuronal_growth_and_signaling,_and_satellite_cell_growth_and_survival."	"26699868"	"Public_on_Dec_17_2015"	"Macaca_mulatta"	"PRJNA305200"	NA	"Methylation_profiling_by_array"	"genomic"	"non-treated_control,SAMPLE_1"
"data/GSE8nnn/GSE8831/matrix/metadata.txt.gz"	"GSE8831"	"Adipose_Tissue_Expression_Profiles_of_Mice_that_Vary_in_Adiposity_and_Insulin_Sensitivity"	"Adipose_tissue_gene_expression_was_profiled_from_perigonadal_adipose_tissue_of_mice_whose_body_mass_and_insulin_sensitivity_varied_as_a_function_of_diet,_gender,_monogenic_mutations_and_insulin_sensitizing_therapies.__Mice_were_22-24_weeks_of_age_and_sacrificed_between_2-3_hours_into_the_light_portion_of_a_12/12_dark-light_cycle.__The_goal_was_to_identify_transcripts_whose_adipose_tissue_expression_is_correlated_with_adiposity,_insulin_sensitivity_and_other_measures_of_metabolic_function.,Keywords:_population"	NA	"Public_on_Nov_01_2008"	"Mus_musculus"	"PRJNA102163"	NA	"Expression_profiling_by_array"	"RNA"	"no_additional_information"
"data/GSE97nnn/GSE97269/matrix/metadata.txt.gz"	"GSE97269"	"A_history_of_obesity_leaves_an_inflammatory_fingerprint_in_liver_and_adipose_tissue_[Liver]"	"Dieting_is_a_popular_yet_often_ineffective_way_to_lower_body_weight,_as_the_majority_of_people_regain_most_of_their_pre-dieting_weights_in_a_relatively_short_time._The_underlying_molecular_mechanisms_driving_weight_regain_and_the_increased_risk_for_metabolic_disease_are_still_incompletely_understood._Here_we_investigate_the_molecular_alterations_inherited_from_a_history_of_obesity._In_our_model,_male_HFD_fed_obese_C57BL/6J_mice,_were_switched_to_a_low_caloric_chow_diet,_resulting_in_a_decline_of_body_weight_to_that_of_lean_mice._Within_seven_weeks_after_diet_switch,_most_obesity_associated_phenotypes,_such_as_body_mass,_glucose_intolerance_and_blood_metabolite_levels_were_reversed._However,_hepatic_inflammation,_hepatic_steatosis_as_well_as_hypertrophy_and_inflammation_of_perigonadal,_but_not_subcutaneous,_adipocytes_persisted_in_formerly_obese_mice._Transcriptional_profiling_of_liver_and_perigonadal_fat_revealed_an_upregulation_of_pathways_associated_with_immune_function_and_cellularity._Thus,_we_show_that_weight_reduction_leaves_signs_of_inflammation_in_liver_and_perigonadal_fat,_indicating_that_persisting_proinflammatory_signals_in_liver_and_adipose_tissue_could_contribute_to_an_increased_risk_of_formerly_obese_subjects_to_develop_the_metabolic_syndrome_upon_recurring_weight_gain."	NA	"Public_on_Sep_05_2017"	"Mus_musculus"	"PRJNA381160"	NA	"Expression_profiling_by_array"	"RNA"	"Gene_expression_data_from_liver_of_mice_treated_with_high_fat_diet_treatment_for_20_weeks,_followed_by_control_diet_for_7_weeks"
"data/GSE97nnn/GSE97271/matrix/metadata.txt.gz"	"GSE97271"	"A_history_of_obesity_leaves_an_inflammatory_fingerprint_in_liver_and_adipose_tissue_[gWAT]"	"Dieting_is_a_popular_yet_often_ineffective_way_to_lower_body_weight,_as_the_majority_of_people_regain_most_of_their_pre-dieting_weights_in_a_relatively_short_time._The_underlying_molecular_mechanisms_driving_weight_regain_and_the_increased_risk_for_metabolic_disease_are_still_incompletely_understood._Here_we_investigate_the_molecular_alterations_inherited_from_a_history_of_obesity._In_our_model,_male_HFD_fed_obese_C57BL/6J_mice,_were_switched_to_a_low_caloric_chow_diet,_resulting_in_a_decline_of_body_weight_to_that_of_lean_mice._Within_seven_weeks_after_diet_switch,_most_obesity_associated_phenotypes,_such_as_body_mass,_glucose_intolerance_and_blood_metabolite_levels_were_reversed._However,_hepatic_inflammation,_hepatic_steatosis_as_well_as_hypertrophy_and_inflammation_of_perigonadal,_but_not_subcutaneous,_adipocytes_persisted_in_formerly_obese_mice._Transcriptional_profiling_of_liver_and_perigonadal_fat_revealed_an_upregulation_of_pathways_associated_with_immune_function_and_cellularity._Thus,_we_show_that_weight_reduction_leaves_signs_of_inflammation_in_liver_and_perigonadal_fat,_indicating_that_persisting_proinflammatory_signals_in_liver_and_adipose_tissue_could_contribute_to_an_increased_risk_of_formerly_obese_subjects_to_develop_the_metabolic_syndrome_upon_recurring_weight_gain."	NA	"Public_on_Sep_05_2017"	"Mus_musculus"	"PRJNA381164"	NA	"Expression_profiling_by_array"	"RNA"	"Gene_expression_data_from_gWAT_of_mice_treated_with_high_fat_diet_treatment_for_20_weeks,_followed_by_control_diet_for_7_weeks"
